{
  "data": [
    {
      "title": "24小时轮播推荐",
      "list": [
        {
          "name": "全新影片",
          "pic": "https://img2.doubanio.com/view/celebrity/raw/public/p1362491610.81.jpg",
          "url": "http://dyscdnali1.douyucdn.cn/live/3637778raLSXdOdu.flv?uuid=",
          "type": "app://playDetail"
        },
        {
          "name": "周星驰",
          "pic": "https://img2.doubanio.com/view/celebrity/raw/public/p1362491610.81.jpg",
          "url": "http://dyscdnali1.douyucdn.cn/live/122402rK7MO9bXSq.flv?uuid=",
          "type": "app://playDetail"
        },
        {
          "name": "林正英",
          "pic": "https://img2.doubanio.com/view/celebrity/raw/public/p1362491610.81.jpg",
          "url": "http://dyscdnali1.douyucdn.cn/live/218859rUp5PN3Slh.flv?uuid=",
          "type": "app://playDetail"
        },
        {
          "name": "华语经典",
          "pic": "https://img2.doubanio.com/view/celebrity/raw/public/p1362491610.81.jpg",
          "url": "http://dyscdnali1.douyucdn.cn/live/85894rmovieChow.flv?uuid=",
          "type": "app://playDetail"
        },
        {
          "name": "科幻电影",
          "pic": "https://img2.doubanio.com/view/celebrity/raw/public/p1362491610.81.jpg",
          "url": "http://dyscdnali1.douyucdn.cn/live/4332rz1B1TLlheIC.flv?uuid=",
          "type": "app://playDetail"
        },
        {
          "name": "科幻动作",
          "pic": "https://img2.doubanio.com/view/celebrity/raw/public/p1362491610.81.jpg",
          "url": "http://dyscdnali1.douyucdn.cn/live/252802rXrdW6hbDa.flv?uuid=",
          "type": "app://playDetail"
        },
        {
          "name": "欧美大片",
          "pic": "https://img2.doubanio.com/view/celebrity/raw/public/p1362491610.81.jpg",
          "url": "http://dyscdnali1.douyucdn.cn/live/2793084r0tqEPxlE.flv?uuid=",
          "type": "app://playDetail"
        },
        {
          "name": "极致蓝光",
          "pic": "https://img2.doubanio.com/view/celebrity/raw/public/p1362491610.81.jpg",
          "url": "http://dyscdnali1.douyucdn.cn/live/747764r3ei7lgxc5.flv?uuid=",
          "type": "app://playDetail"
        },
        {
          "name": "万万没想到",
          "pic": "https://img2.doubanio.com/view/celebrity/raw/public/p1362491610.81.jpg",
          "url": "http://dyscdnali1.douyucdn.cn/live/9220456ren7VIQaF.flv?uuid=",
          "type": "app://playDetail"
        },
        {
          "name": "五分钟一部电影",
          "pic": "https://img2.doubanio.com/view/celebrity/raw/public/p1362491610.81.jpg",
          "url": "http://dyscdnali1.douyucdn.cn/live/2758565rJJRPOZig.flv?uuid=",
          "type": "app://playDetail"
        },
        {
          "name": "动漫解说",
          "pic": "https://img2.doubanio.com/view/celebrity/raw/public/p1362491610.81.jpg",
          "url": "http://dyscdnali1.douyucdn.cn/live/9527700rtRT35z5k.flv?uuid=",
          "type": "app://playDetail"
        },
        {
          "name": "新三国",
          "pic": "https://img2.doubanio.com/view/celebrity/raw/public/p1362491610.81.jpg",
          "url": "http://dyscdnali1.douyucdn.cn/live/276200rfDdwNOU7H.flv?uuid=",
          "type": "app://playDetail"
        },
        {
          "name": "猫和老鼠",
          "pic": "https://img2.doubanio.com/view/celebrity/raw/public/p1362491610.81.jpg",
          "url": "http://dyscdnali1.douyucdn.cn/live/7528160rXCwPshQQ.flv?uuid=",
          "type": "app://playDetail"
        },
        {
          "name": "Running Man",
          "pic": "https://img2.doubanio.com/view/celebrity/raw/public/p1362491610.81.jpg",
          "url": "http://dyscdnali1.douyucdn.cn/live/7298973rVquPyzCT.flv?uuid=",
          "type": "app://playDetail"
        },
        {
          "name": "韩国女团",
          "pic": "https://img2.doubanio.com/view/celebrity/raw/public/p1362491610.81.jpg",
          "url": "http://dyscdnali1.douyucdn.cn/live/231464ruiASM3G05.flv?uuid=",
          "type": "app://playDetail"
        }
      ]
    }
  ]
}